Workbook

Sheet AHP_Matrix
B1: P1 | C1: P2 | D1: P3 | E1: P4 | F1: P5 | G1: P6 | H1: P7 | I1: P8 | J1: P9 | K1: P10 | L1: P11 | M1: P12 | N1: P13 | O1: P14 | P1: P15
A2: P1 | B2: 1 | C2: 2 | D2: 3 | E2: 3 | F2: 3 | G2: 1 | H2: 2 | I2: 2 | J2: 3 | K2: 2 | L2: 3 | M2: 2 | N2: 4 | O2: 4 | P2: 2
A3: P2 | B3: 0.5 | C3: 1 | D3: 2 | E3: 2 | F3: 2 | G3: 0.5 | H3: 1 | I3: 1 | J3: 2 | K3: 1 | L3: 2 | M3: 1 | N3: 3 | O3: 3 | P3: 1
A4: P3 | B4: 0.33333333 | C4: 0.5 | D4: 1 | E4: 1 | F4: 1 | G4: 0.33333333 | H4: 0.5 | I4: 0.5 | J4: 1 | K4: 0.5 | L4: 1 | M4: 0.5 | N4: 2 | O4: 2 | P4: 0.5
A5: P4 | B5: 0.33333333 | C5: 0.5 | D5: 1 | E5: 1 | F5: 1 | G5: 0.33333333 | H5: 0.5 | I5: 0.5 | J5: 1 | K5: 0.5 | L5: 1 | M5: 0.5 | N5: 2 | O5: 2 | P5: 0.5
A6: P5 | B6: 0.33333333 | C6: 0.5 | D6: 1 | E6: 1 | F6: 1 | G6: 0.33333333 | H6: 0.5 | I6: 0.5 | J6: 1 | K6: 0.5 | L6: 1 | M6: 0.5 | N6: 2 | O6: 2 | P6: 0.5
A7: P6 | B7: 1 | C7: 2 | D7: 3 | E7: 3 | F7: 3 | G7: 1 | H7: 2 | I7: 2 | J7: 3 | K7: 2 | L7: 3 | M7: 2 | N7: 4 | O7: 4 | P7: 2
A8: P7 | B8: 0.5 | C8: 1 | D8: 2 | E8: 2 | F8: 2 | G8: 0.5 | H8: 1 | I8: 1 | J8: 2 | K8: 1 | L8: 2 | M8: 1 | N8: 3 | O8: 3 | P8: 1
A9: P8 | B9: 0.5 | C9: 1 | D9: 2 | E9: 2 | F9: 2 | G9: 0.5 | H9: 1 | I9: 1 | J9: 2 | K9: 1 | L9: 2 | M9: 1 | N9: 3 | O9: 3 | P9: 1
A10: P9 | B10: 0.33333333 | C10: 0.5 | D10: 1 | E10: 1 | F10: 1 | G10: 0.33333333 | H10: 0.5 | I10: 0.5 | J10: 1 | K10: 0.5 | L10: 1 | M10: 0.5 | N10: 2 | O10: 2 | P10: 0.5
A11: P10 | B11: 0.5 | C11: 1 | D11: 2 | E11: 2 | F11: 2 | G11: 0.5 | H11: 1 | I11: 1 | J11: 2 | K11: 1 | L11: 2 | M11: 1 | N11: 3 | O11: 3 | P11: 1
A12: P11 | B12: 0.33333333 | C12: 0.5 | D12: 1 | E12: 1 | F12: 1 | G12: 0.33333333 | H12: 0.5 | I12: 0.5 | J12: 1 | K12: 0.5 | L12: 1 | M12: 0.5 | N12: 2 | O12: 2 | P12: 0.5
A13: P12 | B13: 0.5 | C13: 1 | D13: 2 | E13: 2 | F13: 2 | G13: 0.5 | H13: 1 | I13: 1 | J13: 2 | K13: 1 | L13: 2 | M13: 1 | N13: 3 | O13: 3 | P13: 1
... A16: P15 | B16: 0.5 | C16: 1 | D16: 2 | E16: 2 | F16: 2 | G16: 0.5 | H16: 1 | I16: 1 | J16: 2 | K16: 1 | L16: 2 | M16: 1 | N16: 3 | O16: 3 | P16: 1

Sheet Column_Sum
B2: =SUM(AHP_Matrix!B2:B16) -> 7.1666667 | C2: =SUM(AHP_Matrix!C2:C16) -> 13.166667 | D2: =SUM(AHP_Matrix!D2:D16) -> 24 | E2: =SUM(AHP_Matrix!E2:E16) -> 24 | F2: =SUM(AHP_Matrix!F2:F16) -> 24 | G2: =SUM(AHP_Matrix!G2:G16) -> 7.1666667 | H2: =SUM(AHP_Matrix!H2:H16) -> 13.166667 | I2: =SUM(AHP_Matrix!I2:I16) -> 13.166667 | ... P2: =SUM(AHP_Matrix!P2:P16) -> 13.166667

Sheet Normalized
S1: Decimal Weight | T1: Percentage (%) | U1: Raster | V1: % Influence
B2: =AHP_Matrix!B2 / Column_Sum!B$2 -> 0.13953488 | C2: =AHP_Matrix!C2 / Column_Sum!C$2 -> 0.15189873 | D2: =AHP_Matrix!D2 / Column_Sum!D$2 -> 0.125 | E2: =AHP_Matrix!E2 / Column_Sum!E$2 -> 0.125 | F2: =AHP_Matrix!F2 / Column_Sum!F$2 -> 0.125 | G2: =AHP_Matrix!G2 / Column_Sum!G$2 -> 0.13953488 | H2: =AHP_Matrix!H2 / Column_Sum!H$2 -> 0.15189873 | I2: =AHP_Matrix!I2 / Column_Sum!I$2 -> 0.15189873 | ... P2: =AHP_Matrix!P2 / Column_Sum!P$2 -> 0.15189873 | Q2: =AVERAGE(B2:P2) -> 0.1350659 | R2: =Q2 / SUM($Q$2:$Q$16) -> 0.13737837 | S2: 0.13737837 | T2: 13.74 | U2: recl_pop_f | V2: 15
P3: =AHP_Matrix!P3 / Column_Sum!P$2 -> 0.075949367 | Q3: =AVERAGE(B3:P3) -> 0.075949367 | R3: =Q3 / SUM($Q$2:$Q$16) -> 0.077249699 | S3: 0.077249699 | T3: 7.72 | U3: recl_road_f | V3: 13
P4: =AHP_Matrix!P4 / Column_Sum!P$2 -> 0.037974684 | Q4: =AVERAGE(B4:P4) -> 0.037974684 | R4: =Q4 / SUM($Q$2:$Q$16) -> 0.038624849 | S4: 0.038624849 | T4: 3.86 | U4: recl_junc_f | V4: 8
P5: =AHP_Matrix!P5 / Column_Sum!P$2 -> 0.037974684 | Q5: =AVERAGE(B5:P5) -> 0.037974684 | R5: =Q5 / SUM($Q$2:$Q$16) -> 0.038624849 | S5: 0.038624849 | T5: 3.86 | U5: recl_comm_f | V5: 8
P6: =AHP_Matrix!P6 / Column_Sum!P$2 -> 0.037974684 | Q6: =AVERAGE(B6:P6) -> 0.037974684 | R6: =Q6 / SUM($Q$2:$Q$16) -> 0.038624849 | S6: 0.038624849 | T6: 3.86 | U6: recl_ame_f | V6: 8
P7: =AHP_Matrix!P7 / Column_Sum!P$2 -> 0.15189873 | Q7: =AVERAGE(B7:P7) -> 0.15189873 | R7: =Q7 / SUM($Q$2:$Q$16) -> 0.1544994 | S7: 0.1544994 | T7: 15.45 | U7: recl_fuel_f | V7: 8
P8: =AHP_Matrix!P8 / Column_Sum!P$2 -> 0.075949367 | Q8: =AVERAGE(B8:P8) -> 0.075949367 | R8: =Q8 / SUM($Q$2:$Q$16) -> 0.077249699 | S8: 0.077249699 | T8: 7.72 | U8: recl_power_f | V8: 8
P9: =AHP_Matrix!P9 / Column_Sum!P$2 -> 0.075949367 | Q9: =AVERAGE(B9:P9) -> 0.075949367 | R9: =Q9 / SUM($Q$2:$Q$16) -> 0.077249699 | S9: 0.077249699 | T9: 7.72 | U9: recl_aqi_f | V9: 8
P10: =AHP_Matrix!P10 / Column_Sum!P$2 -> 0.037974684 | Q10: =AVERAGE(B10:P10) -> 0.037974684 | R10: =Q10 / SUM($Q$2:$Q$16) -> 0.038624849 | S10: 0.038624849 | T10: 3.86 | U10: recl_park_f | V10: 4
P11: =AHP_Matrix!P11 / Column_Sum!P$2 -> 0.075949367 | Q11: =AVERAGE(B11:P11) -> 0.075949367 | R11: =Q11 / SUM($Q$2:$Q$16) -> 0.077249699 | S11: 0.077249699 | T11: 7.72 | U11: recls_bus_f | V11: 4
P12: =AHP_Matrix!P12 / Column_Sum!P$2 -> 0.037974684 | Q12: =AVERAGE(B12:P12) -> 0.037974684 | R12: =Q12 / SUM($Q$2:$Q$16) -> 0.038624849 | S12: 0.038624849 | T12: 3.86 | U12: recl_rail_f | V12: 4
P13: =AHP_Matrix!P13 / Column_Sum!P$2 -> 0.075949367 | Q13: =AVERAGE(B13:P13) -> 0.075949367 | R13: =Q13 / SUM($Q$2:$Q$16) -> 0.077249699 | S13: 0.077249699 | T13: 7.72 | U13: recl_tour_f | V13: 4
P14: =AHP_Matrix!P14 / Column_Sum!P$2 -> 0.025316456 | Q14: =AVERAGE(B14:P14) -> 0.025316456 | R14: =Q14 / SUM($Q$2:$Q$16) -> 0.0257499 | S14: 0.0257499 | T14: 2.57 | U14: recl_ev_f | V14: 4
... P16: =AHP_Matrix!P16 / Column_Sum!P$2 -> 0.075949367 | Q16: =AVERAGE(B16:P16) -> 0.075949367 | R16: =Q16 / SUM($Q$2:$Q$16) -> 0.077249699 | S16: 0.077249699 | T16: 7.72 | U16: recl_ndvi_f | V16: 2
P17: =SUM(P2:P16) -> 1 | Q17: =SUM(Q2:Q16) -> 0.98316717 | R17: =SUM(R2:R16) -> 1 | T17: =SUM(T2:T16) -> 99.95
